epoch,time,train/box_loss,train/cls_loss,train/dfl_loss,metrics/precision(B),metrics/recall(B),metrics/mAP50(B),metrics/mAP50-95(B),val/box_loss,val/cls_loss,val/dfl_loss,lr/pg0,lr/pg1,lr/pg2
1,47.3388,2.11072,4.47178,2.20436,0.00143,0.42857,0.14968,0.05099,3.25877,4.69495,3.04194,0.00034,0.00034,0.00034
2,94.1864,1.19997,2.92881,1.36295,0.00314,0.94286,0.11612,0.05593,1.8146,3.79489,2.13359,0.0006307,0.0006307,0.0006307
