epoch,time,train/box_loss,train/cls_loss,train/dfl_loss,metrics/precision(B),metrics/recall(B),metrics/mAP50(B),metrics/mAP50-95(B),val/box_loss,val/cls_loss,val/dfl_loss,lr/pg0,lr/pg1,lr/pg2
1,46.9701,0.77297,2.21134,1.09845,0.00314,0.94286,0.31525,0.10937,1.90718,3.84181,2.03981,0.00016,0.00016,0.00016
2,91.7675,0.65864,1.73078,1.00601,0.00314,0.94286,0.5567,0.25403,1.7365,3.56624,1.8638,0.00030634,0.00030634,0.00030634
3,136.73,0.55773,1.45025,0.93444,0.59344,0.79252,0.5883,0.39459,1.35657,2.99406,1.3713,0.00041704,0.00041704,0.00041704
